{
  "benchmark_date": "2026-02-12 16:00:14",
  "n_latency_samples": 500,
  "n_throughput_samples": 1000,
  "methods": {
    "tfidf": {
      "val_f1": 0.9705,
      "test_f1": 0.928,
      "ood_recall": 0.6667,
      "threshold": 0.8699,
      "train_time_ms": 642.0,
      "disk_kb": 574.0,
      "mem_spike_mb": 0.0,
      "latency_p50_ms": 0.462,
      "latency_p95_ms": 0.921,
      "latency_p99_ms": 1.211,
      "throughput_rps": 2304.2,
      "cost_per_1m_req": 0.001206,
      "daily_capacity": 199082880,
      "trial": 3,
      "params": {
        "method": "tfidf",
        "tfidf_max_features": 5000,
        "tfidf_ngram_max": 2,
        "tfidf_sublinear": true,
        "tfidf_stopwords": "english",
        "sgd_alpha": 4.233032996527597e-05,
        "sgd_loss": "modified_huber"
      }
    },
    "bm25": {
      "val_f1": 0.97,
      "test_f1": 0.9472,
      "ood_recall": 0.8333,
      "threshold": 0.5399,
      "train_time_ms": 1109.0,
      "disk_kb": 574.0,
      "mem_spike_mb": 0.0,
      "latency_p50_ms": 0.386,
      "latency_p95_ms": 0.556,
      "latency_p99_ms": 0.671,
      "throughput_rps": 2491.4,
      "cost_per_1m_req": 0.001115,
      "daily_capacity": 215256960,
      "trial": 75,
      "params": {
        "method": "bm25",
        "custom_max_features": 5000,
        "custom_ngram_max": 2,
        "bm25_k1": 2.1380939532868277,
        "bm25_b": 0.2501047199038956,
        "sgd_alpha": 0.010504568758856513,
        "sgd_loss": "log_loss"
      }
    },
    "bm25l": {
      "val_f1": 0.9598,
      "test_f1": 0.9024,
      "ood_recall": 0.5,
      "threshold": 0.999,
      "train_time_ms": 26779.0,
      "disk_kb": 1143.0,
      "mem_spike_mb": 0.0,
      "latency_p50_ms": 0.635,
      "latency_p95_ms": 0.926,
      "latency_p99_ms": 1.047,
      "throughput_rps": 1263.4,
      "cost_per_1m_req": 0.002199,
      "daily_capacity": 109157760,
      "trial": 18,
      "params": {
        "method": "bm25l",
        "custom_max_features": 10000,
        "custom_ngram_max": 1,
        "bm25l_k1": 2.8030332315050144,
        "bm25l_b": 0.03880691701978928,
        "bm25l_delta": 0.0032047313833609703,
        "sgd_alpha": 2.8416501117273003e-05,
        "sgd_loss": "log_loss"
      }
    },
    "bm25plus": {
      "val_f1": 0.8725,
      "test_f1": 0.8542,
      "ood_recall": 0.1667,
      "threshold": 0.9746,
      "train_time_ms": 38723.0,
      "disk_kb": 1143.0,
      "mem_spike_mb": 0.0,
      "latency_p50_ms": 0.651,
      "latency_p95_ms": 0.942,
      "latency_p99_ms": 1.205,
      "throughput_rps": 1618.2,
      "cost_per_1m_req": 0.001717,
      "daily_capacity": 139812480,
      "trial": 16,
      "params": {
        "method": "bm25plus",
        "custom_max_features": 10000,
        "custom_ngram_max": 1,
        "bm25plus_k1": 0.7116348860859851,
        "bm25plus_b": 0.04520908720252764,
        "bm25plus_delta": 0.20836367458697436,
        "sgd_alpha": 0.00017016669446524795,
        "sgd_loss": "log_loss"
      }
    },
    "lmir_jm": {
      "val_f1": 0.9387,
      "test_f1": 0.8616,
      "ood_recall": 0.0,
      "threshold": 0.9673,
      "train_time_ms": 1476.0,
      "disk_kb": 574.0,
      "mem_spike_mb": 0.0,
      "latency_p50_ms": 0.416,
      "latency_p95_ms": 0.665,
      "latency_p99_ms": 0.857,
      "throughput_rps": 2280.7,
      "cost_per_1m_req": 0.001218,
      "daily_capacity": 197052480,
      "trial": 48,
      "params": {
        "method": "lmir_jm",
        "custom_max_features": 5000,
        "custom_ngram_max": 2,
        "jm_lambda": 0.08952469312808198,
        "sgd_alpha": 0.00020750112069370911,
        "sgd_loss": "log_loss"
      }
    },
    "lmir_dirichlet": {
      "val_f1": 0.9404,
      "test_f1": 0.8085,
      "ood_recall": 0.0,
      "threshold": 0.1,
      "train_time_ms": 1379.0,
      "disk_kb": 1153.0,
      "mem_spike_mb": 0.0,
      "latency_p50_ms": 0.582,
      "latency_p95_ms": 0.883,
      "latency_p99_ms": 1.321,
      "throughput_rps": 1690.0,
      "cost_per_1m_req": 0.001644,
      "daily_capacity": 146016000,
      "trial": 40,
      "params": {
        "method": "lmir_dirichlet",
        "custom_max_features": 10000,
        "custom_ngram_max": 2,
        "dirichlet_mu": 6606.886892238313,
        "sgd_alpha": 0.0017551908351299567,
        "sgd_loss": "modified_huber"
      }
    },
    "dfr": {
      "val_f1": 0.9599,
      "test_f1": 0.9489,
      "ood_recall": 0.8333,
      "threshold": 0.5999,
      "train_time_ms": 546.0,
      "disk_kb": 571.0,
      "mem_spike_mb": 0.0,
      "latency_p50_ms": 0.378,
      "latency_p95_ms": 0.544,
      "latency_p99_ms": 0.654,
      "throughput_rps": 2425.6,
      "cost_per_1m_req": 0.001145,
      "daily_capacity": 209571840,
      "trial": 28,
      "params": {
        "method": "dfr",
        "custom_max_features": 5000,
        "custom_ngram_max": 1,
        "dfr_c": 0.11156759856632802,
        "sgd_alpha": 0.0004648032973918637,
        "sgd_loss": "log_loss"
      }
    }
  },
  "recommendation": {
    "best_accuracy": "dfr",
    "cheapest_viable": "bm25"
  }
}